platform_shop_id,predicted_treatment_effect,treated_actual
ba_10015935,89.99077272631776,1
ba_10016162,83.78548518260877,1
ba_10019194,91.56150126667833,1
ba_10019807,64.72661197118641,1
ba_10020109,139.43248991382464,1
ba_10022124,-62.24934465317857,1
ba_10024499,60.33310121726206,0
ba_10040420,27.281676767822965,1
ba_10040590,-72.0612762738254,1
ba_10040621,67.14016907665864,1
ba_10040679,68.18509504104533,1
ba_10040685,92.07826055123485,1
ba_10041246,42.80901590911486,1
ba_10204887,-55.41832590787505,1
ba_10401021,19.18272353302533,1
ba_10416959,65.24830323784052,0
ba_10418082,21.773345814485396,1
ba_10432360,17.566169684248624,1
ba_10469515,-49.58517099329628,1
ba_10476209,-100.49186029884078,1
ba_10497667,99.97701601190886,1
ba_10499851,53.119904851470835,0
ba_10501929,-57.644534644864066,1
ba_10509105,-21.181980275680598,1
ba_10571616,-83.06069168332667,1
ba_10580903,-42.67881404303125,1
ba_10583009,61.61667161096906,1
ba_10597203,46.96513704749676,1
ba_10604883,-48.64519973939157,1
ba_10605803,51.549088811686104,1
ba_10620671,61.00333855797393,0
ba_10627648,-84.61345222284436,1
ba_10636815,53.47427034706658,1
ba_10636817,-65.47383624882251,1
ba_10638951,105.46784239505268,1
ba_10657170,-84.40105230824165,1
ba_10685624,34.58709184261141,1
ba_10698232,15.776568226960716,1
ba_10698315,-68.81843904928763,1
ba_10705443,35.338133731819035,1
ba_10706208,42.2838737471432,1
ba_10739524,85.98879029401554,1
ba_10739556,101.54413593736392,1
ba_10750970,87.37454324337138,1
ba_10759478,-6.448382682774323,1
ba_10768614,-34.618274556896665,1
ba_10771255,-10.355123418204517,1
ba_10774000,62.79524662849088,1
ba_10774794,64.06701756334358,1
ba_10776500,-83.02393022757173,1
ba_10798649,53.09143937690988,1
ba_10800862,-151.2142790232758,1
ba_10821092,32.9619556490521,1
ba_10840065,49.101819090578125,0
ba_10841421,-62.41153372161601,1
ba_10841883,12.188213845942075,1
ba_10872945,22.923762837393554,1
ba_12014214,-66.3573370605715,1
ba_12015187,34.363445587501374,1
ba_12016615,34.081090099398864,1
ba_12018905,49.101819090578125,1
ba_12019541,23.498876906201165,1
ba_12020564,-94.87937204958371,1
ba_12029686,-58.707643073694456,1
ba_13003575,46.55186925256648,1
ba_13052096,71.64117297085332,1
ba_13056957,47.63699316538767,0
ba_13062668,-20.83339154284679,1
ba_13076527,74.393874260461,1
ba_13081281,123.20094613524684,1
ba_13085339,23.683618500333353,1
ba_13103901,17.538641128590374,1
ba_13168465,45.65959716446507,1
ba_13181486,61.65102039054203,1
ba_13181699,61.384753815021185,1
ba_13181719,31.252501576839503,0
ba_13181957,42.287839597540234,1
ba_13182018,51.79073127738545,1
ba_13182129,31.814928386102526,1
ba_13186079,39.94376446003946,0
ba_13188150,46.23131188135986,1
ba_13189796,31.453736637981123,1
ba_13189894,38.49653122714489,0
ba_13193158,58.11411156931346,1
ba_13199208,29.37827181743596,0
ba_13199335,44.22141227717279,1
ba_13199394,40.65851229578372,1
ba_13199864,41.81188218833962,1
ba_13200219,41.5420283650523,1
ba_13200236,32.50663510077371,1
ba_13203399,52.74814354635228,1
ba_13207953,49.101819090578125,0
ba_13219045,32.50663510077371,1
ba_13219094,48.55748621242001,1
ba_13219734,61.41851915462129,1
ba_13219951,59.209602770288676,1
ba_13221638,26.989196987591907,1
ba_13221865,33.96767289846951,1
ba_13221975,65.20319069998999,1
ba_13222051,39.917977547801826,1
ba_13222170,64.35987448893363,1
ba_13222803,41.93481905096286,1
ba_13223141,61.26967092767411,1
ba_13223329,42.20851550157746,1
ba_13223367,41.48328673228626,1
ba_13223504,63.760251017274754,1
ba_13223520,35.60410453202154,1
ba_13223538,47.26368102960399,1
ba_13223654,43.35055356868243,1
ba_13223711,44.75324681943108,1
ba_13224027,39.66683348806456,1
ba_13224710,44.20933909528735,1
ba_13224790,68.5217667413349,1
ba_13224802,43.9614576120224,1
ba_13224833,60.29266442904934,1
ba_13224844,33.00224205575755,1
ba_13225746,34.83653684461851,1
ba_13225754,74.9934600562067,0
ba_13225842,36.71345664747703,1
ba_13225939,36.36155279553535,1
ba_13226530,35.688040240059195,1
ba_13226546,48.446304775443394,0
ba_13226567,49.101819090578125,1
ba_13226580,32.56865154743801,1
ba_13226670,51.8244260860363,0
ba_13226843,41.288520327134016,1
ba_13226851,30.92555090887247,1
ba_13226860,62.6011204639771,1
ba_13226947,38.627813658511535,1
ba_13227070,57.229813044444235,1
ba_13227516,51.08231959648573,1
ba_13227543,51.99652360850728,1
ba_13227659,31.53362229438505,0
ba_13227696,64.20284995244066,1
ba_13228166,52.83848275894393,1
ba_13228453,28.840384298752426,1
ba_13228520,36.2129168107479,1
ba_13228647,40.752251629424784,0
ba_13228668,48.84806500374435,1
ba_13228675,49.589042165467625,1
ba_13228677,32.23196109141959,1
ba_13228869,44.13416945472849,1
ba_13228874,38.48370148783804,0
ba_13228878,42.63409300126655,1
ba_13228909,61.5515289325619,1
ba_13228939,32.50663510077371,0
ba_13228945,37.401766372957916,1
ba_13228978,51.769638670619216,1
ba_13228993,45.171626525486,1
ba_13229107,41.00165102734829,1
ba_13229152,50.30735006242471,1
ba_13229173,56.37221468561651,1
ba_13229184,61.14820341698566,1
ba_13229527,43.318571239843074,1
ba_13229560,61.70597071058572,1
ba_13229747,30.871829338223947,1
ba_13229858,47.10612798168996,0
ba_13229960,42.1147608912154,1
ba_13229975,34.43494413973675,1
ba_13230007,27.583746120221882,1
ba_13230502,59.871729850780824,0
ba_13230793,34.78997708659519,1
ba_13230813,33.487443298075604,1
ba_13230824,43.503344852570315,1
ba_13230834,44.301084903453024,1
ba_13230838,39.19199039482492,1
ba_13230846,63.566936988778636,1
ba_13230879,37.2912289098754,1
ba_13230903,36.48464059577849,1
ba_13230921,30.401558884283993,1
ba_13230969,41.0240809425788,1
ba_13231050,58.922125722587495,1
ba_13231120,57.8669938065367,1
ba_13231147,70.63197014437347,1
ba_13231157,41.204550706573514,1
ba_13231195,48.80988756178851,1
ba_13231481,42.00791940872706,1
ba_13231795,57.19165361960312,1
ba_13231958,39.005921149735705,1
ba_13232110,49.28221739441357,1
ba_13232134,46.36603467592741,1
ba_13232348,46.55525288835871,1
ba_13232508,36.55730054819213,1
ba_13233115,40.567620330969795,1
ba_13233212,42.21889939611131,1
ba_13233433,50.18325007381979,1
ba_13233436,45.212192919054566,1
ba_13233445,39.466488265021916,1
ba_13233448,43.26415486749524,1
ba_13233454,31.05679031860151,1
ba_13233457,47.98299425379489,1
ba_13233463,44.13143114216623,1
ba_13233466,39.22738358493713,1
ba_13233483,32.874431260194996,1
ba_13233484,33.67272373095699,1
ba_13233506,64.66612705211494,1
ba_13233554,39.71398476148755,1
ba_13233575,49.809748725990325,1
ba_13233576,53.00216543191649,1
ba_13233578,41.94359528286844,1
ba_13233579,40.81838393790965,1
ba_13233581,42.97229692025401,1
ba_13233587,42.821513544831795,1
ba_13233592,43.587789996534845,1
ba_13233594,42.47346698059029,1
ba_13233606,45.412341100306456,1
ba_13233607,34.8478474085621,1
ba_13233639,48.03635744209077,1
ba_13233688,30.816703275191855,1
ba_13233716,41.59137538530864,1
ba_13233724,38.01201199206436,1
ba_13233726,37.38210920582266,1
ba_13233735,44.44356009651482,1
ba_13233742,45.37848046195718,1
ba_13233764,40.99758299543027,1
ba_13233767,45.239399444968214,1
ba_13233778,50.811798422544584,1
ba_13233782,58.924453004571824,1
ba_13233856,48.164188192276654,1
ba_13234034,51.30008471645252,1
ba_13234089,34.43494413973675,1
ba_13234101,40.11278246046368,1
ba_13234187,42.871210857254816,1
ba_13234188,40.21988780708755,1
ba_13234193,57.94786510236162,1
ba_13234475,56.37875458580828,1
ba_13234523,55.46723178417047,0
ba_13234578,32.4843597807629,1
ba_13234790,-70.74712450476258,1
ba_13235318,39.24006232535178,1
ba_13235498,68.76822908797992,1
ba_13235500,44.909098595299966,1
ba_13235508,33.487443298075604,1
ba_13235535,46.90609232017832,1
ba_13235557,34.60453757786085,1
ba_13235588,33.95805901167173,1
ba_13235631,40.70401789698169,1
ba_13236401,34.961783841724845,1
ba_13236479,62.120887624976795,1
ba_13236481,46.9043930272044,1
ba_13236584,41.785572255760506,1
ba_13236745,40.15732422738489,1
ba_13237293,40.52029369000885,0
ba_13237700,48.34204726179173,1
ba_13243478,36.22285699094669,1
ba_13243585,70.88390040628018,1
ba_13247000,35.238768119729755,1
ba_13248384,41.07749761848794,1
ba_13249105,57.87718411101069,1
ba_13249989,-30.98657380161945,1
ba_13251048,63.357568778710615,1
ba_13260523,29.766522651164067,1
ba_13260584,44.41289439805663,1
ba_13265806,57.04702690800223,1
ba_13267079,31.68570143863943,1
ba_13268955,47.33105043602575,1
ba_13292835,59.45606949551043,1
ba_13301511,29.956616594086395,1
ba_13305413,40.17481701588268,1
ba_13308613,38.879596900067575,1
ba_13311793,110.83961444792862,0
ba_13313413,56.128602490884596,1
ba_13313909,18.211508039678876,1
ba_13326281,49.101819090578125,1
ba_13348011,49.101819090578125,0
ba_13379446,-52.37102633260451,1
ba_13412065,13.36835201737693,1
ba_13436824,45.455972728999804,1
ba_13448308,57.23511440273119,0
ba_13451078,67.58097229479573,1
ba_13452835,57.23511440273119,0
ba_13459937,146.5944231871489,0
ba_13470236,60.67869361450714,1
ba_13471384,65.73157621727194,1
ba_13472981,61.37384924814284,1
ba_13473077,37.958855742892126,1
ba_13475914,33.32741808018844,1
ba_13477857,40.39132235424527,1
ba_13492399,45.10517301851643,1
ba_13504506,34.021523062751534,1
ba_13522931,53.24020645887787,1
ba_13539608,101.85995409746249,1
ba_13539851,41.88861084756469,1
ba_13539979,40.624029788482865,1
ba_13550181,39.71254711821022,1
ba_13550240,42.39745258039204,0
ba_13574800,52.2296441515926,1
ba_13580972,36.54950247220528,1
ba_13584348,8.482205255945054,1
ba_13596071,37.8845784744904,1
ba_13596730,101.94332743467004,1
ba_13612153,36.48543827648681,1
ba_13630053,37.34314296882604,1
ba_13639608,74.65342179817452,1
ba_13648667,32.66932722198396,1
ba_13651212,38.428534414515525,0
ba_13683573,62.75663357367477,1
ba_13722581,47.666579568050636,1
ba_13730162,45.62270437750065,1
ba_13752011,4.539934332700974,1
ba_13768149,62.39337902035599,1
ba_13769748,-145.07716989953917,1
ba_13787561,67.23646301337486,1
ba_13870012,39.653179458110245,1
ba_13918069,39.185706168103295,1
ba_13928548,-66.11116816882763,1
ba_13969584,24.47131430293277,1
ba_13969607,24.395677027394022,1
ba_13970104,38.74967123267471,1
ba_13972155,29.337843565353012,1
ba_13972425,27.078901670876295,1
ba_13972595,46.834939678376564,1
ba_13972771,22.90480118555555,1
ba_13972819,30.528093161145506,1
ba_13973349,41.104840968876736,1
ba_13973745,59.86862646487311,1
ba_13973813,41.753536076029974,1
ba_13973901,51.82068016576085,1
ba_13974075,24.256504671282688,1
ba_13975731,34.16288998977968,1
ba_13976616,47.819116262196296,1
ba_13976690,39.42896942243206,1
ba_13977023,27.815095551253286,1
ba_13977167,24.22039130662875,0
ba_13984579,39.470076051601175,1
ba_14042200,37.8987391324499,1
ba_14049107,65.46141148100885,1
ba_14092187,66.59787684596051,1
ba_14103678,57.23511440273119,0
ba_14108842,32.421547757225746,1
ba_14117511,29.570079221055337,1
ba_14117512,52.55573623758181,1
ba_14153764,26.96282121390261,1
ba_14171127,69.46037665567536,1
ba_14173661,24.10549155944942,1
ba_14185617,40.12823400359108,1
ba_14189792,24.11246654700952,1
ba_14190360,61.35726931884248,1
ba_14228061,64.5423185992509,1
ba_14228062,57.4542016381458,1
ba_14228480,52.42042165836375,1
ba_14228481,29.43350485650572,1
ba_14229365,-127.34462118761172,1
ba_14238012,62.82231256293657,1
ba_14239270,43.03053425775002,1
ba_14245849,40.87552841032301,1
ba_14245878,62.695392860180334,1
ba_14248050,-5.08680290636444,1
ba_14248059,77.90037514575822,1
ba_14249433,-12.122406760066873,1
ba_14249441,70.59486471486177,1
ba_14250328,53.64214858772801,1
ba_14250329,31.933835676314537,1
ba_14251741,57.762432106928486,1
ba_14251745,38.74967123267471,1
ba_14252159,59.674817520982174,0
ba_14253619,51.46397318759552,1
ba_14254080,-67.38802953489635,1
ba_14256619,40.4849055877602,1
ba_14259741,44.46223644158116,1
ba_14260091,56.9475748813736,1
ba_14260093,72.7903985109671,1
ba_14262149,67.56760903706316,1
ba_14267053,16.77281545782948,1
ba_14267751,73.09095713176643,1
ba_14268780,46.5763209832129,1
ba_14270407,48.61616499314829,1
ba_14270903,61.849258074923775,1
ba_14270904,121.424800992874,1
ba_14271330,-58.89933527063916,1
ba_14271331,32.5703180546639,1
ba_14272179,47.18513677149149,1
ba_14272566,58.83157842973887,1
ba_14273436,49.084161894398726,0
ba_14273478,38.44861761085533,1
ba_14273972,42.21334967193856,1
ba_14274675,38.736328878018504,1
ba_14274836,41.691624114200344,1
ba_14276685,28.78512076535417,1
ba_14277930,42.21349961003978,0
ba_14279612,46.48533463425982,1
ba_14280570,58.45995851079307,1
ba_14283482,51.54456733854979,1
ba_14285796,34.310722981418415,1
ba_14294026,124.2462885938245,1
ba_14294656,68.87126742122204,0
ba_14296954,78.41505397914058,1
ba_14297681,29.34364095497478,1
ba_14308401,53.60890088280222,1
ba_14308402,21.868145985437785,1
ba_14309634,75.15477476869452,1
ba_14322928,62.08641159952548,1
ba_14325499,40.44104331640224,1
ba_14327485,59.55577696770483,1
ba_14327700,63.49477925969197,1
ba_14332090,-52.65940325071286,1
ba_14332093,60.711799223366164,1
ba_14335138,41.4241261908409,1
ba_14335172,49.101819090578125,1
ba_14336642,-24.65505773781546,1
ba_14338227,24.075236415634286,1
ba_14341228,50.07410546122984,1
ba_14352915,44.50054592723345,1
ba_14356032,40.1092132344641,1
ba_14360458,44.91990248105225,1
ba_14363013,39.873738006400345,1
ba_14371606,45.3880995778344,1
ba_14387283,48.81868984863303,1
ba_14387630,-19.59925022777106,1
ba_14388856,33.81625693127755,1
ba_14388863,33.73525894329968,1
ba_14390691,37.03664697321777,1
ba_14392310,66.24975470353763,1
ba_14392877,65.15332791631081,1
ba_14396364,66.66558214401825,1
ba_14397420,64.2470002172801,1
ba_14400680,-18.996468256606473,1
ba_14400681,42.545788149486086,1
ba_14413122,31.937829749118116,1
ba_14422337,32.449082288826396,1
ba_14435298,61.49646845997304,0
ba_14435750,50.54299858797502,1
ba_14437626,69.86926575548044,1
ba_14440526,52.1058429812742,1
ba_14440680,74.46481521740188,1
ba_14440681,27.188521257921693,1
ba_14441181,14.52074684966737,1
ba_14441192,38.24996387556717,1
ba_14448826,48.79459978629322,1
ba_14449139,-218.30540745254174,1
ba_14454741,61.90553568755942,1
ba_14456345,42.66819144633447,0
ba_14456826,49.971559642354556,1
ba_14456827,50.99448811453414,0
ba_14457403,45.730489238876174,1
ba_14458025,53.76518804438934,1
ba_14459736,-3.885986413209177,1
ba_14462203,34.463876331062515,1
ba_14463467,55.79620899492543,1
ba_14463469,48.17776666752908,1
ba_14464913,-106.217559297969,1
ba_14464914,42.85715866608231,1
ba_14470771,30.22827426638563,0
ba_14472921,31.590826469213553,1
ba_14473511,38.36243258729924,1
ba_14484108,57.23511440273119,0
ba_14484534,45.04306866999934,1
ba_14488211,104.69994836428322,1
ba_14488212,24.111729378783107,1
ba_14488495,39.640262800415506,0
ba_14495787,26.666106619523166,1
ba_14495840,64.81800745567519,1
ba_14504490,55.30810396448933,1
ba_14506379,53.58268804789566,1
ba_14506800,49.247654190504036,0
ba_14513076,49.476004435597424,1
ba_14525069,3.286889812788378,1
ba_14525359,46.347814876042335,1
ba_14525748,49.101819090578125,0
ba_14528279,-161.48805836855354,1
ba_14528412,49.57330179390697,1
ba_14528476,31.912969727155147,0
ba_14530939,47.51590012208997,1
ba_14533127,70.87439331471431,0
ba_14541579,124.24799176939871,1
ba_14544899,43.22799654411098,1
ba_14545829,57.23511440273119,0
ba_14548743,76.22263421851932,1
ba_14551802,51.806604336287144,1
ba_14556221,-17.345631527419876,1
ba_14557869,-29.20752466894529,1
ba_14557882,-121.09174059053231,1
ba_14560963,34.887555604209446,1
ba_14563145,99.197622110247,1
ba_14564492,38.02280183457678,1
ba_14569929,69.51938230939925,0
ba_14573167,61.5012155824996,1
ba_14574885,38.20934931687427,1
ba_14575172,101.29328533030308,1
ba_14578524,83.43527598374816,1
ba_14580787,56.5876176208152,1
ba_14581239,82.10564793078605,1
ba_14581501,66.1233044716409,1
ba_14582073,-60.28297798180969,1
ba_14582508,47.15873094391392,0
ba_14591780,62.923266343638645,1
ba_14593720,22.264995391967705,1
ba_14593798,53.03605268287329,1
ba_14593800,75.66090719046237,1
ba_14594474,45.891618599596185,0
ba_14597164,28.37071587781062,1
ba_14597165,52.89401649303935,1
ba_14598667,56.172975284102506,1
ba_14599961,-134.32267591770278,1
ba_14599973,-9.263033467049853,1
ba_14600398,30.69627818367496,1
ba_14600429,122.98000843173457,1
ba_14603467,61.1203428874382,1
ba_14604237,105.38477187714254,1
ba_14606315,41.36028957258996,1
ba_14607412,56.58380460376758,1
ba_14613531,47.004433012393285,1
ba_14615149,64.91562531804205,1
ba_14615268,74.5722967401057,1
ba_14616721,41.54640567962716,1
ba_14619205,49.101819090578125,0
ba_14620216,61.74961397851515,1
ba_14623314,-194.593832654551,1
ba_14624481,49.101819090578125,0
ba_14625157,98.8434610736057,1
ba_14625762,37.83721021012246,1
ba_14627570,47.626041593497725,1
ba_14629153,45.692441390336874,1
ba_14629813,64.27808347469829,0
ba_14629918,53.337949479231455,1
ba_14629919,24.075236415634286,1
ba_14637553,18.225801176714704,1
ba_14637963,12.77547897732574,1
ba_14640352,55.58792817586589,1
ba_14642115,49.101819090578125,0
ba_14643477,48.16455736248902,1
ba_14645179,40.21963714852266,1
ba_14647668,45.75678439768043,1
ba_14648765,59.40394772439851,1
ba_14649303,46.45102996200693,0
ba_14650120,73.07450195968576,1
ba_14651431,53.10997208388624,1
ba_14651464,67.68697116481943,1
ba_14652311,-29.500469278197627,1
ba_14652929,-125.83506478070606,1
ba_14653291,44.13143114216623,1
ba_14654080,-101.53059478986903,1
ba_14654803,63.19969115888951,1
ba_14658160,-47.82404446619027,1
ba_14658825,-67.406939516475,1
ba_14662462,33.50033761021611,1
ba_14662547,93.71159556650834,1
ba_14662584,72.73759546472493,0
ba_14663126,-40.98610703239661,1
ba_14663534,36.507014600856834,1
ba_14665998,51.85183101853758,1
ba_14666363,106.42095091409327,1
ba_14668967,25.381134975222487,1
ba_14669107,73.68633637601494,1
ba_14669108,55.7933606668309,1
ba_14669109,-43.499148765224746,1
ba_14671483,-125.8507531504837,1
ba_14671490,61.457591151078496,1
ba_14671974,54.349268486393676,1
ba_14673431,35.63388186430848,1
ba_14673434,25.745328992128705,1
ba_14673508,39.85246208302573,1
ba_14675307,15.443066196574474,1
ba_14675393,-11.793477080647463,1
ba_14679019,-323.9876868515629,1
ba_14681358,56.172975284102506,0
ba_14685750,70.77625493013021,1
ba_14686856,54.56303833260216,0
ba_14686990,42.56445108585658,1
ba_14686997,45.523249763495954,1
ba_14687060,28.676153786789722,1
ba_14687076,61.943391515238446,1
ba_14687088,59.13882841828464,1
ba_14687092,53.70963339012611,1
ba_14687115,40.27109419626685,1
ba_14687119,63.72756068342537,1
ba_14687134,49.39445749800542,1
ba_14687136,43.80893235518087,1
ba_14687137,31.48926352319937,1
ba_14687166,69.17265211731649,1
ba_14687296,54.14056932874861,1
ba_14687307,48.44364853430123,1
ba_14687310,64.22788296885223,1
ba_14687315,53.530183364545735,1
ba_14687318,63.26072544821879,1
ba_14687322,63.757695047409385,1
ba_14687323,53.60669886698022,1
ba_14687326,71.90768601822596,1
ba_14687327,37.44900681724991,1
ba_14687333,81.73578010263962,1
ba_14687335,51.62664421082487,1
ba_14687340,76.3521392244173,1
ba_14687341,55.92901802015186,1
ba_14687344,-2.781919931690015,1
ba_14687347,67.57730039057603,1
ba_14687350,-31.818354007434017,1
ba_14687354,72.98271671178748,1
ba_14687365,52.79876332306371,1
ba_14687368,70.71948797090403,1
ba_14687382,79.87951265299442,1
ba_14687388,73.22171942818039,1
ba_14687493,54.58386287672054,1
ba_14687497,49.13644125460005,1
ba_14688075,56.555374369698846,1
ba_14688086,63.93813613989807,1
ba_14688088,72.40577453893889,1
ba_14688093,51.699031462830035,1
ba_14688094,40.22936425440177,1
ba_14688100,51.25466023459107,1
ba_14688108,82.91130043846672,1
ba_14688114,-63.64760587344827,1
ba_14688173,42.367635078302506,1
ba_14688176,50.88588521995693,1
ba_14688180,83.687985586046,1
ba_14688182,61.08840540676512,1
ba_14688192,70.7167525786082,0
ba_14688196,44.87140440585007,1
ba_14688197,52.24928242466952,1
ba_14688207,40.6111949638874,1
ba_14688233,54.65602965300855,1
ba_14688336,62.346354654558226,1
ba_14688337,50.69422729377414,1
ba_14688338,51.55689243564855,1
ba_14688345,47.465943347957605,0
ba_14688363,57.593132412560934,1
ba_14688371,53.25596642673605,1
ba_14688483,49.55502694993292,0
ba_14688499,30.340140926917858,1
ba_14688522,74.35688823828114,1
ba_14688525,60.88581379398885,1
ba_14688555,-92.72645626210183,1
ba_14688557,53.37421195941152,1
ba_14688559,30.28122743655387,1
ba_14688563,82.43214192900248,1
ba_14688567,54.948166320664264,1
ba_14688570,49.57368416380941,1
ba_14688571,87.79072679332207,0
ba_14688582,-16.398998655482416,1
ba_14688602,57.948840056010994,1
ba_14688609,50.1561809090171,1
ba_14688614,64.9354746522036,1
ba_14688631,58.01826170021107,1
ba_14688656,32.672243075836676,1
ba_14688684,57.23511440273119,1
ba_14688687,89.86750519810894,1
ba_14688693,62.3297508941565,1
ba_14688697,62.83385396697651,1
ba_14688702,42.418383715531554,1
ba_14688707,51.461619028295864,1
ba_14688709,60.220372339983925,1
ba_14688716,66.03892296006723,0
ba_14688728,60.88735125917532,1
ba_14688729,40.03459501902194,1
ba_14688738,31.81848440768964,1
ba_14688746,56.80608338735757,1
ba_14688751,55.85081454786712,1
ba_14688765,51.61446321786598,1
ba_14688789,40.136820583195245,0
ba_14688848,50.38810761016969,1
ba_14688854,68.33976736259747,0
ba_14688860,52.12229923982958,1
ba_14688879,58.0141371948981,0
ba_14688905,60.70560901119161,0
ba_14688907,51.99988068614248,1
ba_14688923,36.2490297016287,1
ba_14688924,68.0210341907307,1
ba_14688931,54.22303028922169,1
ba_14688963,53.025450557957164,1
ba_14688982,60.05575947767165,1
ba_14689003,44.084946066475574,1
ba_14689004,57.69085956751382,1
ba_14689007,62.072105226895815,1
ba_14689013,55.87093059876387,1
ba_14689024,59.51465189843695,0
ba_14689101,53.56102586123753,1
ba_14689115,59.063178612138586,1
ba_14689378,65.11353732998195,1
ba_14689381,56.63121477507802,1
ba_14689382,56.80756037302905,1
ba_14689387,58.45686886930172,1
ba_14689395,65.19922854310724,1
ba_14689401,65.30005543199515,1
ba_14689402,50.501241828933125,1
ba_14689403,50.89858913896087,1
ba_14689409,51.71240754907298,1
ba_14689415,65.25214993261916,1
ba_14689416,37.51605510390457,0
ba_14689427,52.5700968876541,1
ba_14689441,50.94944578182167,1
ba_14689448,-81.92728487410426,1
ba_14689454,18.41118402248909,1
ba_14689464,57.25748066632814,1
ba_14689472,39.15141185288055,0
ba_14689481,64.32243283277066,1
ba_14689485,48.13504314518935,1
ba_14689496,57.36785992697586,1
ba_14689536,66.22067389672725,1
ba_14689545,62.76179398888096,1
ba_14689548,-43.79261173694926,1
ba_14689573,69.26218364529315,1
ba_14689591,51.09243118841221,1
ba_14689595,65.27138513502823,1
ba_14689608,55.56698023971834,0
ba_14689610,76.52222553547274,1
ba_14689611,-19.61001234706725,1
ba_14689614,79.32813584723947,1
ba_14689625,5.074139755391065,1
ba_14689645,62.39145362915522,1
ba_14689734,54.366505315746,1
ba_14689750,-38.918439646731386,1
ba_14689756,28.683960988701845,1
ba_14689757,-65.324428195507,1
ba_14689759,74.49191424018963,1
ba_14689760,52.96077862126156,0
ba_14689761,49.32182593507059,1
ba_14689766,58.3958167883186,1
ba_14689782,43.074346145808,0
ba_14689809,59.90184102251729,1
ba_14689837,58.4042435501676,0
ba_14689846,50.39634034570332,0
ba_14689854,73.53294249374636,1
ba_14689855,50.82891279082394,1
ba_14689859,38.482135499018376,1
ba_14689869,58.386572613236034,1
ba_14689875,-18.729377238880424,0
ba_14689886,47.64701101107633,1
ba_14689890,62.64582591027862,1
ba_14689894,62.195721212525115,1
ba_14689904,63.11810371743433,1
ba_14689906,72.74062572264235,1
ba_14689910,65.91097775273926,1
ba_14689936,-29.24644099875718,1
ba_14689940,59.894262120241045,1
ba_14689942,34.47531991693872,1
ba_14689953,50.05655745625654,1
ba_14689993,68.49961072166188,1
ba_14689999,47.63699316538767,1
ba_14690002,51.19850801993314,1
ba_14690014,55.89686088334272,1
ba_14690034,38.79309591281952,1
ba_14690045,51.8244260860363,1
ba_14690050,67.12585977724018,1
ba_14690053,-61.82578728787465,1
ba_14690056,56.968392357284806,1
ba_14690057,60.20279701116524,1
ba_14690062,28.744578025083968,1
ba_14690068,49.7055967281787,1
ba_14690077,50.89234459505224,1
ba_14690081,82.27747303572805,1
ba_14690086,56.0976974676154,1
ba_14690092,64.88990333652694,1
ba_14690110,52.617510933355575,1
ba_14690124,43.452238230119235,1
ba_14690154,59.68592989697723,1
ba_14690155,51.433355585485835,1
ba_14690378,37.42448255886275,1
ba_14690560,30.417528962348722,0
ba_14690565,32.936848547543065,1
ba_14690577,0.2960764323255176,1
ba_14690587,-50.68522395813623,1
ba_14690630,61.992460570622555,1
ba_14690660,75.25026629360919,1
ba_14690665,69.19303709818297,1
ba_14690672,49.188842206611994,0
ba_14690673,0.6797287870819165,1
ba_14690674,63.7170417853493,1
ba_14690677,67.65758111846363,1
ba_14690680,65.13356180892444,1
ba_14690689,63.82826545697725,1
ba_14690695,50.91542673764446,1
ba_14690704,63.135710179061256,1
ba_14690709,34.3907321078403,1
ba_14690712,65.61243612486875,1
ba_14690718,49.59673157225967,1
ba_14690722,16.225469409802276,1
ba_14690723,43.260710302982275,1
ba_14690724,53.832408557532105,1
ba_14690725,67.75150088303597,1
ba_14690752,73.53136853742492,1
ba_14690763,59.21244188950635,1
ba_14690774,-42.801597097955174,1
ba_14690786,45.468952879049354,1
ba_14690806,47.97012883562252,1
ba_14690836,49.101819090578125,1
ba_14690909,69.82367911910154,0
ba_14690983,64.64358627147436,1
ba_14690992,63.651724442106115,1
ba_14691001,31.99346633624277,1
ba_14691005,61.804865024850834,1
ba_14691030,-5.221843415837804,1
ba_14691036,62.55147554375289,1
ba_14691037,63.3234359266037,1
ba_14691042,56.09913920772357,1
ba_14691044,64.52159016180362,1
ba_14691059,42.08660497323519,1
ba_14691062,60.59398623500006,1
ba_14691072,47.304600406929694,1
ba_14691077,62.58434513725042,1
ba_14691078,54.77687546962571,0
ba_14691080,-111.47904489530714,1
ba_14691084,61.490035660066255,1
ba_14691088,28.410292928245283,1
ba_14691089,57.41887254390967,1
ba_14691093,-105.33157407051499,1
ba_14691101,65.91792040141146,1
ba_14691105,49.101819090578125,1
ba_14691106,68.84407461982838,1
ba_14691112,53.148990539481055,1
ba_14691116,60.19324424778706,1
ba_14691120,76.89207184809689,1
ba_14691130,54.8453169913206,1
ba_14691145,59.36148537370087,0
ba_14691146,45.874108526269175,1
ba_14691147,54.96778930050624,0
ba_14691150,74.12055935405421,1
ba_14691155,-20.65266229250175,1
ba_14691171,60.134347599118314,1
ba_14691172,66.59714821253208,1
ba_14691173,56.22758072575829,1
ba_14691178,58.157676087038176,1
ba_14691179,65.45660489443516,1
ba_14691187,55.5076048941066,1
ba_14691194,58.759884154747525,1
ba_14691209,48.52205686764505,1
ba_14691228,31.06516357179754,1
ba_14691234,47.56749067335694,1
ba_14691235,67.56517200353314,1
ba_14691237,56.15047776234075,1
ba_14691245,61.63098060130934,1
ba_14691269,62.52431125893416,1
ba_14691270,-17.385004262848753,1
ba_14691272,41.53184867061391,1
ba_14691273,56.453059883403,1
ba_14691277,78.16974675854888,1
ba_14691292,71.70491993626281,1
ba_14691295,-119.58152443926686,1
ba_14691296,50.857198566355,1
ba_14691298,60.34840083218072,1
ba_14691330,-9.227073515776667,1
ba_14691344,75.01740310582551,1
ba_14691361,85.19104017889973,1
ba_14691372,68.55715827714097,1
ba_14691375,0.43680584167136693,1
ba_14691401,34.92936738367529,1
ba_14691751,39.50108701641446,1
ba_14691791,53.65766503523229,1
ba_14691797,41.277773973984445,0
ba_14691798,52.77949872361961,1
ba_14691801,71.12190540368047,1
ba_14691803,65.41308737784173,0
ba_14691813,28.34607927693706,1
ba_14691815,44.07211187302209,0
ba_14691817,49.331351920678934,0
ba_14691829,52.7956890120667,1
ba_14691834,49.13018955062626,0
ba_14691857,46.88984623636083,1
ba_14691859,55.405299757042364,1
ba_14691860,48.731935235761576,0
ba_14691861,38.304217117329635,0
ba_14691864,57.883769622909725,1
ba_14691884,42.59830371878695,0
ba_14691891,51.544550919246355,0
ba_14691894,60.49677160706752,1
ba_14691901,43.498959068884325,1
ba_14691904,57.327422812992616,0
ba_14691908,-14.200913341593084,1
ba_14691909,47.05420280866452,1
ba_14691918,44.3456099350544,0
ba_14691943,70.00936617141001,1
ba_14691949,54.467438496515044,1
ba_14691953,55.61909580775427,1
ba_14691958,60.245092076838134,1
ba_14691965,72.3229624274408,1
ba_14691969,43.75484579645287,1
ba_14691974,59.95771435786684,1
ba_14691975,65.44764389168917,1
ba_14691976,-167.94603244075986,1
ba_14691989,45.51311202303074,1
ba_14691990,67.68697116481943,1
ba_14691996,57.60010512310466,1
ba_14691997,-148.72790710721415,0
ba_14691998,61.40435193444032,1
ba_14691999,43.019549103972224,1
ba_14692012,70.61085517133154,1
ba_14692022,52.62902242679288,1
ba_14692035,60.19001137112032,1
ba_14692056,51.10174632167724,0
ba_14692060,75.31809524572336,1
ba_14692077,37.8852888700603,1
ba_14692092,49.101819090578125,1
ba_14692116,-97.09401653319013,1
ba_14692118,97.8526382293628,1
ba_14692121,71.08517250590455,1
ba_14692146,57.57462445960009,1
ba_14692155,63.240431728475976,1
ba_14692164,51.78552443611185,1
ba_14692165,53.824614558953996,1
ba_14692168,56.68439209551374,1
ba_14692178,78.94642327594255,1
ba_14692185,60.45852618221342,1
ba_14692190,-40.680905549949834,1
ba_14692194,49.052003359354416,1
ba_14692201,56.82413283953126,1
ba_14692211,62.55448901570813,1
ba_14692212,62.884021559748255,1
ba_14692216,56.13512304905308,1
ba_14692232,41.7894430039144,1
ba_14692242,60.33944212605983,1
ba_14692246,69.28942906343615,1
ba_14692251,55.36439309959487,1
ba_14692258,59.90724951216309,1
ba_14692275,66.58972005513012,1
ba_14692278,54.222085305816705,1
ba_14692291,50.270569047501446,0
ba_14692326,54.428036604090245,1
ba_14692339,41.04848517367239,1
ba_14692346,28.54787548485085,0
ba_14692368,56.26501298997946,1
ba_14692383,44.72123407553435,0
ba_14692433,58.49720408381379,1
ba_14692434,64.70117948741583,0
ba_14692439,21.45286339690616,1
ba_14692455,73.62828974477685,1
ba_14692459,62.59638298180328,1
ba_14692460,60.19690028780423,1
ba_14692482,57.810532249185485,1
ba_14692505,63.48415872015738,1
ba_14692549,54.359092183612084,1
ba_14692551,60.74528506031735,1
ba_14692592,66.1804756595573,1
ba_14692796,27.351629163825834,0
ba_14692985,50.306986145950326,1
ba_14693042,27.321393908827588,1
ba_14693289,50.49622127929336,0
ba_14694145,49.98549853652959,1
ba_14694148,55.418552079025176,1
ba_14694278,33.352722200852426,1
ba_14694287,59.3143224685696,0
ba_14694390,21.717298759318854,1
ba_14694402,50.52349705217913,1
ba_14694577,47.28797556341185,1
ba_14694620,71.3043467142494,1
ba_14694670,54.02993056590272,1
ba_14694671,56.34552041207985,1
ba_14695006,53.981572461000404,1
ba_14695008,59.63713969929423,1
ba_14695236,49.101819090578125,1
ba_14695290,45.8555203272778,1
ba_14695958,50.89234459505224,1
ba_14696546,57.23511440273119,0
ba_14698239,48.092938433127706,1
ba_14698364,60.718418426312134,1
ba_14699201,30.732703637951726,1
ba_14699399,-156.863549194615,1
ba_14699649,70.82049935475986,1
ba_14700021,-118.70988835127858,1
ba_14700213,57.23511440273119,1
ba_14700905,74.37670337686743,1
ba_14701137,51.16175278315359,1
ba_14701165,31.81848440768964,1
ba_14702063,47.652406192970695,0
ba_14702120,39.37599434412937,0
ba_14702996,47.93600668582623,1
ba_14703930,58.237381750112895,1
ba_14706394,70.80730505378533,1
ba_14708789,54.75797390475114,1
ba_14708929,-74.78904834014867,1
ba_14712294,-65.28687233820298,1
ba_14712797,-112.4516045213304,1
ba_14714062,31.270983866075095,1
ba_14714070,57.23511440273119,1
ba_14715313,64.58301356409802,1
ba_14716102,66.25886516272661,1
ba_14716332,61.78413865815403,1
ba_14719522,63.068545371530384,1
ba_14719554,61.43297290039956,1
ba_14720262,38.39425722595802,1
ba_14720263,42.698305526491936,1
ba_14720368,55.799809664968414,1
ba_14721018,20.257814051572367,1
ba_14725485,21.759328506966572,1
ba_14725627,67.68756958426555,1
ba_14726472,-1.6813553731514261,1
ba_14726738,38.81929653332669,0
ba_14726741,73.40610773232304,1
ba_14727030,63.43232897576071,1
ba_14727064,19.023442363529547,1
ba_14727755,35.98482641080787,1
ba_14728291,25.744036991393358,1
ba_14728444,51.18588789370703,1
ba_14728839,-29.294380230373683,1
ba_14729038,-3.3613638077022086,1
ba_14729159,-121.20741607498405,1
ba_14729784,51.85606391847035,1
ba_14729971,0.9507877974213841,1
ba_14730328,57.23511440273119,1
ba_14730330,66.15785257288499,1
ba_14731363,42.13879599003,0
ba_14732026,31.46398834963307,1
ba_14732355,-22.360288629577564,1
ba_14732602,37.73606422807253,1
ba_14733665,88.45143576470315,1
ba_14735216,55.21919827896937,1
ba_14735878,58.40104257183092,1
ba_14736681,45.85449966762394,1
ba_14736683,78.28304198705705,1
ba_14736722,30.476151532937656,1
ba_14737726,-170.1530808299144,1
ba_14739745,108.23315822410751,1
ba_14739746,58.92716505166223,1
ba_14739815,-327.5981410316505,1
ba_14740022,119.06656752138895,1
ba_14740239,34.23409271500296,1
ba_14741847,-60.35694039013205,1
ba_14742704,56.72261769254806,1
ba_14742705,44.128378817952616,1
ba_14743271,70.77587197564725,1
ba_14743731,38.868618571533595,1
ba_14743732,66.57625271286146,1
ba_14744329,60.28112180647568,1
ba_14744706,58.66624805783927,1
ba_14744959,-87.23594548216548,1
ba_14746052,85.42094188080245,1
ba_14746091,49.101819090578125,0
ba_14746216,-56.838094518416156,1
ba_14747382,-54.0739857633524,1
ba_14749296,-230.83526186690102,1
ba_14753110,28.99853717128244,1
ba_14754395,49.39445749800542,1
ba_14754893,1.1596209136691744,0
ba_14754936,-31.617251630805235,1
ba_14754965,49.101819090578125,1
ba_14756247,44.75713412265162,0
ba_14756888,-6.418434500475993,1
ba_14756889,61.376464719330905,1
ba_14757543,-151.75295287723148,1
ba_14757711,155.532690171404,1
ba_14758255,11.354760836029739,1
ba_14759786,52.96077862126156,0
ba_14760742,54.98047430197145,1
ba_14762166,56.13064714834466,1
ba_14766646,57.23511440273119,1
ba_14766647,59.815973137717016,1
ba_14766686,-14.941153605160409,1
ba_14767892,99.1535054860433,1
ba_14769185,-97.6095446417508,1
ba_14770149,64.21029933789566,0
ba_14772060,33.789022296121374,1
ba_14772844,-46.37930736717793,1
ba_14773140,-61.64238274684355,1
ba_14773773,-255.8477289024552,1
ba_14775022,-30.53976476360984,1
ba_14775582,49.571205759736195,0
ba_14775705,55.82430917674836,1
ba_14775877,-83.38702292874304,1
ba_14776515,-37.08326775142082,1
ba_14778106,49.101819090578125,1
ba_14778684,49.62817989240257,0
ba_14780115,122.77460142040438,1
ba_14780432,41.74562051824894,0
ba_14781731,73.85636590617804,0
ba_14782170,-57.44579722338066,1
ba_14782523,44.37777066774078,1
ba_14782607,-248.3620407137973,1
ba_14783137,56.172975284102506,1
ba_14783436,59.85191062014941,0
ba_14783596,146.75430085406379,1
ba_14786815,52.40427688187994,0
ba_14787229,-20.27941330029924,0
ba_14788679,-54.310665777502265,0
ba_14793023,14.097543171186654,0
ba_14794083,95.06479103426675,0
ba_14794547,61.50185495441387,1
ba_14795563,80.43902036783963,0
ba_14797999,24.111729378783107,1
ba_14798760,71.406388567207,1
ba_14798893,35.515911329650606,1
ba_14798894,-91.73336757492534,1
ba_14799070,65.40638475418424,1
ba_14799660,56.473709298972885,1
ba_14799661,-15.34022904121314,1
ba_14800284,46.28945823068117,1
ba_14800652,75.046669890955,1
ba_14801006,67.19040149854324,1
ba_14801139,30.554576851739213,1
ba_14801362,-79.35954563949444,0
ba_14808489,32.34270432785769,1
ba_14809478,52.22565657018423,1
ba_14810724,60.50073659463144,0
ba_14812126,29.972258711723182,0
ba_14818313,60.92401939470312,0
ba_14818314,57.23511440273119,0
